"ResourceID","ResourceType","Name","Description"
"/subscriptions/c02646f3-6401-40c7-8543-69333821da9a/resourceGroups/ContosoAll/providers/Microsoft.Automation/automationAccounts/VBTest1","Microsoft.Automation/automationAccounts","TotalJob","Total Jobs"
"/subscriptions/c02646f3-6401-40c7-8543-69333821da9a/resourceGroups/ContosoAll/providers/Microsoft.Automation/automationAccounts/VBTest1","Microsoft.Automation/automationAccounts","TotalUpdateDeploymentRuns","Total Update Deployment Runs"
"/subscriptions/c02646f3-6401-40c7-8543-69333821da9a/resourceGroups/ContosoAll/providers/Microsoft.Automation/automationAccounts/VBTest1","Microsoft.Automation/automationAccounts","TotalUpdateDeploymentMachineRuns","Total Update Deployment Machine Runs"
"/subscriptions/c02646f3-6401-40c7-8543-69333821da9a/resourceGroups/ContosoAll/providers/Microsoft.Network/publicIPAddresses/emreg-ubuntu01-ip","Microsoft.Network/publicIPAddresses","PacketsInDDoS","Inbound packets DDoS"
"/subscriptions/c02646f3-6401-40c7-8543-69333821da9a/resourceGroups/ContosoAll/providers/Microsoft.Network/publicIPAddresses/emreg-ubuntu01-ip","Microsoft.Network/publicIPAddresses","PacketsDroppedDDoS","Inbound packets dropped DDoS"
"/subscriptions/c02646f3-6401-40c7-8543-69333821da9a/resourceGroups/ContosoAll/providers/Microsoft.Network/publicIPAddresses/emreg-ubuntu01-ip","Microsoft.Network/publicIPAddresses","PacketsForwardedDDoS","Inbound packets forwarded DDoS"
"/subscriptions/c02646f3-6401-40c7-8543-69333821da9a/resourceGroups/ContosoAll/providers/Microsoft.Network/publicIPAddresses/emreg-ubuntu01-ip","Microsoft.Network/publicIPAddresses","TCPPacketsInDDoS","Inbound TCP packets DDoS"
"/subscriptions/c02646f3-6401-40c7-8543-69333821da9a/resourceGroups/ContosoAll/providers/Microsoft.Network/publicIPAddresses/emreg-ubuntu01-ip","Microsoft.Network/publicIPAddresses","TCPPacketsDroppedDDoS","Inbound TCP packets dropped DDoS"
"/subscriptions/c02646f3-6401-40c7-8543-69333821da9a/resourceGroups/ContosoAll/providers/Microsoft.Network/publicIPAddresses/emreg-ubuntu01-ip","Microsoft.Network/publicIPAddresses","TCPPacketsForwardedDDoS","Inbound TCP packets forwarded DDoS"
"/subscriptions/c02646f3-6401-40c7-8543-69333821da9a/resourceGroups/ContosoAll/providers/Microsoft.Network/publicIPAddresses/emreg-ubuntu01-ip","Microsoft.Network/publicIPAddresses","UDPPacketsInDDoS","Inbound UDP packets DDoS"
"/subscriptions/c02646f3-6401-40c7-8543-69333821da9a/resourceGroups/ContosoAll/providers/Microsoft.Network/publicIPAddresses/emreg-ubuntu01-ip","Microsoft.Network/publicIPAddresses","UDPPacketsDroppedDDoS","Inbound UDP packets dropped DDoS"
"/subscriptions/c02646f3-6401-40c7-8543-69333821da9a/resourceGroups/ContosoAll/providers/Microsoft.Network/publicIPAddresses/emreg-ubuntu01-ip","Microsoft.Network/publicIPAddresses","UDPPacketsForwardedDDoS","Inbound UDP packets forwarded DDoS"
"/subscriptions/c02646f3-6401-40c7-8543-69333821da9a/resourceGroups/ContosoAll/providers/Microsoft.Network/publicIPAddresses/emreg-ubuntu01-ip","Microsoft.Network/publicIPAddresses","BytesInDDoS","Inbound bytes DDoS"
"/subscriptions/c02646f3-6401-40c7-8543-69333821da9a/resourceGroups/ContosoAll/providers/Microsoft.Network/publicIPAddresses/emreg-ubuntu01-ip","Microsoft.Network/publicIPAddresses","BytesDroppedDDoS","Inbound bytes dropped DDoS"
"/subscriptions/c02646f3-6401-40c7-8543-69333821da9a/resourceGroups/ContosoAll/providers/Microsoft.Network/publicIPAddresses/emreg-ubuntu01-ip","Microsoft.Network/publicIPAddresses","BytesForwardedDDoS","Inbound bytes forwarded DDoS"
"/subscriptions/c02646f3-6401-40c7-8543-69333821da9a/resourceGroups/ContosoAll/providers/Microsoft.Network/publicIPAddresses/emreg-ubuntu01-ip","Microsoft.Network/publicIPAddresses","TCPBytesInDDoS","Inbound TCP bytes DDoS"
"/subscriptions/c02646f3-6401-40c7-8543-69333821da9a/resourceGroups/ContosoAll/providers/Microsoft.Network/publicIPAddresses/emreg-ubuntu01-ip","Microsoft.Network/publicIPAddresses","TCPBytesDroppedDDoS","Inbound TCP bytes dropped DDoS"
"/subscriptions/c02646f3-6401-40c7-8543-69333821da9a/resourceGroups/ContosoAll/providers/Microsoft.Network/publicIPAddresses/emreg-ubuntu01-ip","Microsoft.Network/publicIPAddresses","TCPBytesForwardedDDoS","Inbound TCP bytes forwarded DDoS"
"/subscriptions/c02646f3-6401-40c7-8543-69333821da9a/resourceGroups/ContosoAll/providers/Microsoft.Network/publicIPAddresses/emreg-ubuntu01-ip","Microsoft.Network/publicIPAddresses","UDPBytesInDDoS","Inbound UDP bytes DDoS"
"/subscriptions/c02646f3-6401-40c7-8543-69333821da9a/resourceGroups/ContosoAll/providers/Microsoft.Network/publicIPAddresses/emreg-ubuntu01-ip","Microsoft.Network/publicIPAddresses","UDPBytesDroppedDDoS","Inbound UDP bytes dropped DDoS"
"/subscriptions/c02646f3-6401-40c7-8543-69333821da9a/resourceGroups/ContosoAll/providers/Microsoft.Network/publicIPAddresses/emreg-ubuntu01-ip","Microsoft.Network/publicIPAddresses","UDPBytesForwardedDDoS","Inbound UDP bytes forwarded DDoS"
"/subscriptions/c02646f3-6401-40c7-8543-69333821da9a/resourceGroups/ContosoAll/providers/Microsoft.Network/publicIPAddresses/emreg-ubuntu01-ip","Microsoft.Network/publicIPAddresses","IfUnderDDoSAttack","Under DDoS attack or not"
"/subscriptions/c02646f3-6401-40c7-8543-69333821da9a/resourceGroups/ContosoAll/providers/Microsoft.Network/publicIPAddresses/emreg-ubuntu01-ip","Microsoft.Network/publicIPAddresses","DDoSTriggerTCPPackets","Inbound TCP packets to trigger DDoS mitigation"
"/subscriptions/c02646f3-6401-40c7-8543-69333821da9a/resourceGroups/ContosoAll/providers/Microsoft.Network/publicIPAddresses/emreg-ubuntu01-ip","Microsoft.Network/publicIPAddresses","DDoSTriggerUDPPackets","Inbound UDP packets to trigger DDoS mitigation"
"/subscriptions/c02646f3-6401-40c7-8543-69333821da9a/resourceGroups/ContosoAll/providers/Microsoft.Network/publicIPAddresses/emreg-ubuntu01-ip","Microsoft.Network/publicIPAddresses","DDoSTriggerSYNPackets","Inbound SYN packets to trigger DDoS mitigation"
"/subscriptions/c02646f3-6401-40c7-8543-69333821da9a/resourceGroups/ContosoAll/providers/Microsoft.Network/networkInterfaces/emreg-ubuntu01208","Microsoft.Network/networkInterfaces","BytesSentRate","Bytes Sent"
"/subscriptions/c02646f3-6401-40c7-8543-69333821da9a/resourceGroups/ContosoAll/providers/Microsoft.Network/networkInterfaces/emreg-ubuntu01208","Microsoft.Network/networkInterfaces","BytesReceivedRate","Bytes Received"
"/subscriptions/c02646f3-6401-40c7-8543-69333821da9a/resourceGroups/ContosoAll/providers/Microsoft.Network/networkInterfaces/emreg-ubuntu01208","Microsoft.Network/networkInterfaces","PacketsSentRate","Packets Sent"
"/subscriptions/c02646f3-6401-40c7-8543-69333821da9a/resourceGroups/ContosoAll/providers/Microsoft.Network/networkInterfaces/emreg-ubuntu01208","Microsoft.Network/networkInterfaces","PacketsReceivedRate","Packets Received"
"/subscriptions/c02646f3-6401-40c7-8543-69333821da9a/resourceGroups/ContosoAll/providers/Microsoft.Compute/virtualMachines/emreg-ub01","Microsoft.Compute/virtualMachines","Percentage CPU","Percentage CPU"
"/subscriptions/c02646f3-6401-40c7-8543-69333821da9a/resourceGroups/ContosoAll/providers/Microsoft.Compute/virtualMachines/emreg-ub01","Microsoft.Compute/virtualMachines","Network In","Network In Billable (Deprecated)"
"/subscriptions/c02646f3-6401-40c7-8543-69333821da9a/resourceGroups/ContosoAll/providers/Microsoft.Compute/virtualMachines/emreg-ub01","Microsoft.Compute/virtualMachines","Network Out","Network Out Billable (Deprecated)"
"/subscriptions/c02646f3-6401-40c7-8543-69333821da9a/resourceGroups/ContosoAll/providers/Microsoft.Compute/virtualMachines/emreg-ub01","Microsoft.Compute/virtualMachines","Disk Read Bytes","Disk Read Bytes"
"/subscriptions/c02646f3-6401-40c7-8543-69333821da9a/resourceGroups/ContosoAll/providers/Microsoft.Compute/virtualMachines/emreg-ub01","Microsoft.Compute/virtualMachines","Disk Write Bytes","Disk Write Bytes"
"/subscriptions/c02646f3-6401-40c7-8543-69333821da9a/resourceGroups/ContosoAll/providers/Microsoft.Compute/virtualMachines/emreg-ub01","Microsoft.Compute/virtualMachines","Disk Read Operations/Sec","Disk Read Operations/Sec"
"/subscriptions/c02646f3-6401-40c7-8543-69333821da9a/resourceGroups/ContosoAll/providers/Microsoft.Compute/virtualMachines/emreg-ub01","Microsoft.Compute/virtualMachines","Disk Write Operations/Sec","Disk Write Operations/Sec"
"/subscriptions/c02646f3-6401-40c7-8543-69333821da9a/resourceGroups/ContosoAll/providers/Microsoft.Compute/virtualMachines/emreg-ub01","Microsoft.Compute/virtualMachines","CPU Credits Remaining","CPU Credits Remaining"
"/subscriptions/c02646f3-6401-40c7-8543-69333821da9a/resourceGroups/ContosoAll/providers/Microsoft.Compute/virtualMachines/emreg-ub01","Microsoft.Compute/virtualMachines","CPU Credits Consumed","CPU Credits Consumed"
"/subscriptions/c02646f3-6401-40c7-8543-69333821da9a/resourceGroups/ContosoAll/providers/Microsoft.Compute/virtualMachines/emreg-ub01","Microsoft.Compute/virtualMachines","Data Disk Read Bytes/sec","Data Disk Read Bytes/Sec"
"/subscriptions/c02646f3-6401-40c7-8543-69333821da9a/resourceGroups/ContosoAll/providers/Microsoft.Compute/virtualMachines/emreg-ub01","Microsoft.Compute/virtualMachines","Data Disk Write Bytes/sec","Data Disk Write Bytes/Sec"
"/subscriptions/c02646f3-6401-40c7-8543-69333821da9a/resourceGroups/ContosoAll/providers/Microsoft.Compute/virtualMachines/emreg-ub01","Microsoft.Compute/virtualMachines","Data Disk Read Operations/Sec","Data Disk Read Operations/Sec"
"/subscriptions/c02646f3-6401-40c7-8543-69333821da9a/resourceGroups/ContosoAll/providers/Microsoft.Compute/virtualMachines/emreg-ub01","Microsoft.Compute/virtualMachines","Data Disk Write Operations/Sec","Data Disk Write Operations/Sec"
"/subscriptions/c02646f3-6401-40c7-8543-69333821da9a/resourceGroups/ContosoAll/providers/Microsoft.Compute/virtualMachines/emreg-ub01","Microsoft.Compute/virtualMachines","Data Disk Queue Depth","Data Disk Queue Depth"
"/subscriptions/c02646f3-6401-40c7-8543-69333821da9a/resourceGroups/ContosoAll/providers/Microsoft.Compute/virtualMachines/emreg-ub01","Microsoft.Compute/virtualMachines","Data Disk Bandwidth Consumed Percentage","Data Disk Bandwidth Consumed Percentage"
"/subscriptions/c02646f3-6401-40c7-8543-69333821da9a/resourceGroups/ContosoAll/providers/Microsoft.Compute/virtualMachines/emreg-ub01","Microsoft.Compute/virtualMachines","Data Disk IOPS Consumed Percentage","Data Disk IOPS Consumed Percentage"
"/subscriptions/c02646f3-6401-40c7-8543-69333821da9a/resourceGroups/ContosoAll/providers/Microsoft.Compute/virtualMachines/emreg-ub01","Microsoft.Compute/virtualMachines","Data Disk Target Bandwidth","Data Disk Target Bandwidth"
"/subscriptions/c02646f3-6401-40c7-8543-69333821da9a/resourceGroups/ContosoAll/providers/Microsoft.Compute/virtualMachines/emreg-ub01","Microsoft.Compute/virtualMachines","Data Disk Target IOPS","Data Disk Target IOPS"
"/subscriptions/c02646f3-6401-40c7-8543-69333821da9a/resourceGroups/ContosoAll/providers/Microsoft.Compute/virtualMachines/emreg-ub01","Microsoft.Compute/virtualMachines","Data Disk Max Burst Bandwidth","Data Disk Max Burst Bandwidth"
"/subscriptions/c02646f3-6401-40c7-8543-69333821da9a/resourceGroups/ContosoAll/providers/Microsoft.Compute/virtualMachines/emreg-ub01","Microsoft.Compute/virtualMachines","Data Disk Max Burst IOPS","Data Disk Max Burst IOPS"
"/subscriptions/c02646f3-6401-40c7-8543-69333821da9a/resourceGroups/ContosoAll/providers/Microsoft.Compute/virtualMachines/emreg-ub01","Microsoft.Compute/virtualMachines","Data Disk Used Burst BPS Credits Percentage","Data Disk Used Burst BPS Credits Percentage"
"/subscriptions/c02646f3-6401-40c7-8543-69333821da9a/resourceGroups/ContosoAll/providers/Microsoft.Compute/virtualMachines/emreg-ub01","Microsoft.Compute/virtualMachines","Data Disk Used Burst IO Credits Percentage","Data Disk Used Burst IO Credits Percentage"
"/subscriptions/c02646f3-6401-40c7-8543-69333821da9a/resourceGroups/ContosoAll/providers/Microsoft.Compute/virtualMachines/emreg-ub01","Microsoft.Compute/virtualMachines","OS Disk Read Bytes/sec","OS Disk Read Bytes/Sec"
"/subscriptions/c02646f3-6401-40c7-8543-69333821da9a/resourceGroups/ContosoAll/providers/Microsoft.Compute/virtualMachines/emreg-ub01","Microsoft.Compute/virtualMachines","OS Disk Write Bytes/sec","OS Disk Write Bytes/Sec"
"/subscriptions/c02646f3-6401-40c7-8543-69333821da9a/resourceGroups/ContosoAll/providers/Microsoft.Compute/virtualMachines/emreg-ub01","Microsoft.Compute/virtualMachines","OS Disk Read Operations/Sec","OS Disk Read Operations/Sec"
"/subscriptions/c02646f3-6401-40c7-8543-69333821da9a/resourceGroups/ContosoAll/providers/Microsoft.Compute/virtualMachines/emreg-ub01","Microsoft.Compute/virtualMachines","OS Disk Write Operations/Sec","OS Disk Write Operations/Sec"
"/subscriptions/c02646f3-6401-40c7-8543-69333821da9a/resourceGroups/ContosoAll/providers/Microsoft.Compute/virtualMachines/emreg-ub01","Microsoft.Compute/virtualMachines","OS Disk Queue Depth","OS Disk Queue Depth"
"/subscriptions/c02646f3-6401-40c7-8543-69333821da9a/resourceGroups/ContosoAll/providers/Microsoft.Compute/virtualMachines/emreg-ub01","Microsoft.Compute/virtualMachines","OS Disk Bandwidth Consumed Percentage","OS Disk Bandwidth Consumed Percentage"
"/subscriptions/c02646f3-6401-40c7-8543-69333821da9a/resourceGroups/ContosoAll/providers/Microsoft.Compute/virtualMachines/emreg-ub01","Microsoft.Compute/virtualMachines","OS Disk IOPS Consumed Percentage","OS Disk IOPS Consumed Percentage"
"/subscriptions/c02646f3-6401-40c7-8543-69333821da9a/resourceGroups/ContosoAll/providers/Microsoft.Compute/virtualMachines/emreg-ub01","Microsoft.Compute/virtualMachines","OS Disk Target Bandwidth","OS Disk Target Bandwidth"
"/subscriptions/c02646f3-6401-40c7-8543-69333821da9a/resourceGroups/ContosoAll/providers/Microsoft.Compute/virtualMachines/emreg-ub01","Microsoft.Compute/virtualMachines","OS Disk Target IOPS","OS Disk Target IOPS"
"/subscriptions/c02646f3-6401-40c7-8543-69333821da9a/resourceGroups/ContosoAll/providers/Microsoft.Compute/virtualMachines/emreg-ub01","Microsoft.Compute/virtualMachines","OS Disk Max Burst Bandwidth","OS Disk Max Burst Bandwidth"
"/subscriptions/c02646f3-6401-40c7-8543-69333821da9a/resourceGroups/ContosoAll/providers/Microsoft.Compute/virtualMachines/emreg-ub01","Microsoft.Compute/virtualMachines","OS Disk Max Burst IOPS","OS Disk Max Burst IOPS"
"/subscriptions/c02646f3-6401-40c7-8543-69333821da9a/resourceGroups/ContosoAll/providers/Microsoft.Compute/virtualMachines/emreg-ub01","Microsoft.Compute/virtualMachines","OS Disk Used Burst BPS Credits Percentage","OS Disk Used Burst BPS Credits Percentage"
"/subscriptions/c02646f3-6401-40c7-8543-69333821da9a/resourceGroups/ContosoAll/providers/Microsoft.Compute/virtualMachines/emreg-ub01","Microsoft.Compute/virtualMachines","OS Disk Used Burst IO Credits Percentage","OS Disk Used Burst IO Credits Percentage"
"/subscriptions/c02646f3-6401-40c7-8543-69333821da9a/resourceGroups/ContosoAll/providers/Microsoft.Compute/virtualMachines/emreg-ub01","Microsoft.Compute/virtualMachines","Inbound Flows","Inbound Flows"
"/subscriptions/c02646f3-6401-40c7-8543-69333821da9a/resourceGroups/ContosoAll/providers/Microsoft.Compute/virtualMachines/emreg-ub01","Microsoft.Compute/virtualMachines","Outbound Flows","Outbound Flows"
"/subscriptions/c02646f3-6401-40c7-8543-69333821da9a/resourceGroups/ContosoAll/providers/Microsoft.Compute/virtualMachines/emreg-ub01","Microsoft.Compute/virtualMachines","Inbound Flows Maximum Creation Rate","Inbound Flows Maximum Creation Rate"
"/subscriptions/c02646f3-6401-40c7-8543-69333821da9a/resourceGroups/ContosoAll/providers/Microsoft.Compute/virtualMachines/emreg-ub01","Microsoft.Compute/virtualMachines","Outbound Flows Maximum Creation Rate","Outbound Flows Maximum Creation Rate"
"/subscriptions/c02646f3-6401-40c7-8543-69333821da9a/resourceGroups/ContosoAll/providers/Microsoft.Compute/virtualMachines/emreg-ub01","Microsoft.Compute/virtualMachines","Premium Data Disk Cache Read Hit","Premium Data Disk Cache Read Hit"
"/subscriptions/c02646f3-6401-40c7-8543-69333821da9a/resourceGroups/ContosoAll/providers/Microsoft.Compute/virtualMachines/emreg-ub01","Microsoft.Compute/virtualMachines","Premium Data Disk Cache Read Miss","Premium Data Disk Cache Read Miss"
"/subscriptions/c02646f3-6401-40c7-8543-69333821da9a/resourceGroups/ContosoAll/providers/Microsoft.Compute/virtualMachines/emreg-ub01","Microsoft.Compute/virtualMachines","Premium OS Disk Cache Read Hit","Premium OS Disk Cache Read Hit"
"/subscriptions/c02646f3-6401-40c7-8543-69333821da9a/resourceGroups/ContosoAll/providers/Microsoft.Compute/virtualMachines/emreg-ub01","Microsoft.Compute/virtualMachines","Premium OS Disk Cache Read Miss","Premium OS Disk Cache Read Miss"
"/subscriptions/c02646f3-6401-40c7-8543-69333821da9a/resourceGroups/ContosoAll/providers/Microsoft.Compute/virtualMachines/emreg-ub01","Microsoft.Compute/virtualMachines","VM Cached Bandwidth Consumed Percentage","VM Cached Bandwidth Consumed Percentage"
"/subscriptions/c02646f3-6401-40c7-8543-69333821da9a/resourceGroups/ContosoAll/providers/Microsoft.Compute/virtualMachines/emreg-ub01","Microsoft.Compute/virtualMachines","VM Cached IOPS Consumed Percentage","VM Cached IOPS Consumed Percentage"
"/subscriptions/c02646f3-6401-40c7-8543-69333821da9a/resourceGroups/ContosoAll/providers/Microsoft.Compute/virtualMachines/emreg-ub01","Microsoft.Compute/virtualMachines","VM Uncached Bandwidth Consumed Percentage","VM Uncached Bandwidth Consumed Percentage"
"/subscriptions/c02646f3-6401-40c7-8543-69333821da9a/resourceGroups/ContosoAll/providers/Microsoft.Compute/virtualMachines/emreg-ub01","Microsoft.Compute/virtualMachines","VM Uncached IOPS Consumed Percentage","VM Uncached IOPS Consumed Percentage"
"/subscriptions/c02646f3-6401-40c7-8543-69333821da9a/resourceGroups/ContosoAll/providers/Microsoft.Compute/virtualMachines/emreg-ub01","Microsoft.Compute/virtualMachines","Network In Total","Network In Total"
"/subscriptions/c02646f3-6401-40c7-8543-69333821da9a/resourceGroups/ContosoAll/providers/Microsoft.Compute/virtualMachines/emreg-ub01","Microsoft.Compute/virtualMachines","Network Out Total","Network Out Total"
"/subscriptions/c02646f3-6401-40c7-8543-69333821da9a/resourceGroups/ContosoAll/providers/Microsoft.Compute/virtualMachines/emreg-ub01","Microsoft.Compute/virtualMachines","Available Memory Bytes","Available Memory Bytes (Preview)"
"/subscriptions/c02646f3-6401-40c7-8543-69333821da9a/resourceGroups/CONTOSOALL/providers/Microsoft.Compute/disks/emreg-ub01_disk1_e17a6c650cfc46a6988d07ef1f4bddab","Microsoft.Compute/disks","Composite Disk Read Bytes/sec","Disk Read Bytes/sec(Preview)"
"/subscriptions/c02646f3-6401-40c7-8543-69333821da9a/resourceGroups/CONTOSOALL/providers/Microsoft.Compute/disks/emreg-ub01_disk1_e17a6c650cfc46a6988d07ef1f4bddab","Microsoft.Compute/disks","Composite Disk Read Operations/sec","Disk Read Operations/sec(Preview)"
"/subscriptions/c02646f3-6401-40c7-8543-69333821da9a/resourceGroups/CONTOSOALL/providers/Microsoft.Compute/disks/emreg-ub01_disk1_e17a6c650cfc46a6988d07ef1f4bddab","Microsoft.Compute/disks","Composite Disk Write Bytes/sec","Disk Write Bytes/sec(Preview)"
"/subscriptions/c02646f3-6401-40c7-8543-69333821da9a/resourceGroups/CONTOSOALL/providers/Microsoft.Compute/disks/emreg-ub01_disk1_e17a6c650cfc46a6988d07ef1f4bddab","Microsoft.Compute/disks","Composite Disk Write Operations/sec","Disk Write Operations/sec(Preview)"
"/subscriptions/c02646f3-6401-40c7-8543-69333821da9a/resourceGroups/CONTOSOALL/providers/Microsoft.Compute/disks/emreg-ub01_disk1_e17a6c650cfc46a6988d07ef1f4bddab","Microsoft.Compute/disks","DiskPaidBurstIOPS","Disk On-demand Burst Operations(Preview)"
"/subscriptions/c02646f3-6401-40c7-8543-69333821da9a/resourceGroups/ContosoAll/providers/Microsoft.ContainerService/managedClusters/emreg-AKS01","Microsoft.ContainerService/managedClusters","apiserver_current_inflight_requests","Inflight Requests"
"/subscriptions/c02646f3-6401-40c7-8543-69333821da9a/resourceGroups/ContosoAll/providers/Microsoft.ContainerService/managedClusters/emreg-AKS01","Microsoft.ContainerService/managedClusters","cluster_autoscaler_cluster_safe_to_autoscale","Cluster Health"
"/subscriptions/c02646f3-6401-40c7-8543-69333821da9a/resourceGroups/ContosoAll/providers/Microsoft.ContainerService/managedClusters/emreg-AKS01","Microsoft.ContainerService/managedClusters","cluster_autoscaler_scale_down_in_cooldown","Scale Down Cooldown"
"/subscriptions/c02646f3-6401-40c7-8543-69333821da9a/resourceGroups/ContosoAll/providers/Microsoft.ContainerService/managedClusters/emreg-AKS01","Microsoft.ContainerService/managedClusters","cluster_autoscaler_unneeded_nodes_count","Unneeded Nodes"
"/subscriptions/c02646f3-6401-40c7-8543-69333821da9a/resourceGroups/ContosoAll/providers/Microsoft.ContainerService/managedClusters/emreg-AKS01","Microsoft.ContainerService/managedClusters","cluster_autoscaler_unschedulable_pods_count","Unschedulable Pods"
"/subscriptions/c02646f3-6401-40c7-8543-69333821da9a/resourceGroups/ContosoAll/providers/Microsoft.ContainerService/managedClusters/emreg-AKS01","Microsoft.ContainerService/managedClusters","kube_node_status_allocatable_cpu_cores","Total number of available cpu cores in a managed cluster"
"/subscriptions/c02646f3-6401-40c7-8543-69333821da9a/resourceGroups/ContosoAll/providers/Microsoft.ContainerService/managedClusters/emreg-AKS01","Microsoft.ContainerService/managedClusters","kube_node_status_allocatable_memory_bytes","Total amount of available memory in a managed cluster"
"/subscriptions/c02646f3-6401-40c7-8543-69333821da9a/resourceGroups/ContosoAll/providers/Microsoft.ContainerService/managedClusters/emreg-AKS01","Microsoft.ContainerService/managedClusters","kube_pod_status_ready","Number of pods in Ready state"
"/subscriptions/c02646f3-6401-40c7-8543-69333821da9a/resourceGroups/ContosoAll/providers/Microsoft.ContainerService/managedClusters/emreg-AKS01","Microsoft.ContainerService/managedClusters","kube_node_status_condition","Statuses for various node conditions"
"/subscriptions/c02646f3-6401-40c7-8543-69333821da9a/resourceGroups/ContosoAll/providers/Microsoft.ContainerService/managedClusters/emreg-AKS01","Microsoft.ContainerService/managedClusters","kube_pod_status_phase","Number of pods by phase"
"/subscriptions/c02646f3-6401-40c7-8543-69333821da9a/resourceGroups/ContosoAll/providers/Microsoft.ContainerService/managedClusters/emreg-AKS01","Microsoft.ContainerService/managedClusters","node_cpu_usage_millicores","CPU Usage Millicores"
"/subscriptions/c02646f3-6401-40c7-8543-69333821da9a/resourceGroups/ContosoAll/providers/Microsoft.ContainerService/managedClusters/emreg-AKS01","Microsoft.ContainerService/managedClusters","node_cpu_usage_percentage","CPU Usage Percentage"
"/subscriptions/c02646f3-6401-40c7-8543-69333821da9a/resourceGroups/ContosoAll/providers/Microsoft.ContainerService/managedClusters/emreg-AKS01","Microsoft.ContainerService/managedClusters","node_memory_rss_bytes","Memory RSS Bytes"
"/subscriptions/c02646f3-6401-40c7-8543-69333821da9a/resourceGroups/ContosoAll/providers/Microsoft.ContainerService/managedClusters/emreg-AKS01","Microsoft.ContainerService/managedClusters","node_memory_rss_percentage","Memory RSS Percentage"
"/subscriptions/c02646f3-6401-40c7-8543-69333821da9a/resourceGroups/ContosoAll/providers/Microsoft.ContainerService/managedClusters/emreg-AKS01","Microsoft.ContainerService/managedClusters","node_memory_working_set_bytes","Memory Working Set Bytes"
"/subscriptions/c02646f3-6401-40c7-8543-69333821da9a/resourceGroups/ContosoAll/providers/Microsoft.ContainerService/managedClusters/emreg-AKS01","Microsoft.ContainerService/managedClusters","node_memory_working_set_percentage","Memory Working Set Percentage"
"/subscriptions/c02646f3-6401-40c7-8543-69333821da9a/resourceGroups/ContosoAll/providers/Microsoft.ContainerService/managedClusters/emreg-AKS01","Microsoft.ContainerService/managedClusters","node_disk_usage_bytes","Disk Used Bytes"
"/subscriptions/c02646f3-6401-40c7-8543-69333821da9a/resourceGroups/ContosoAll/providers/Microsoft.ContainerService/managedClusters/emreg-AKS01","Microsoft.ContainerService/managedClusters","node_disk_usage_percentage","Disk Used Percentage"
"/subscriptions/c02646f3-6401-40c7-8543-69333821da9a/resourceGroups/ContosoAll/providers/Microsoft.ContainerService/managedClusters/emreg-AKS01","Microsoft.ContainerService/managedClusters","node_network_in_bytes","Network In Bytes"
"/subscriptions/c02646f3-6401-40c7-8543-69333821da9a/resourceGroups/ContosoAll/providers/Microsoft.ContainerService/managedClusters/emreg-AKS01","Microsoft.ContainerService/managedClusters","node_network_out_bytes","Network Out Bytes"
"/subscriptions/c02646f3-6401-40c7-8543-69333821da9a/resourceGroups/ContosoAll/providers/Microsoft.KeyVault/vaults/emreg-vault01","Microsoft.KeyVault/vaults","ServiceApiHit","Total Service Api Hits"
"/subscriptions/c02646f3-6401-40c7-8543-69333821da9a/resourceGroups/ContosoAll/providers/Microsoft.KeyVault/vaults/emreg-vault01","Microsoft.KeyVault/vaults","ServiceApiLatency","Overall Service Api Latency"
"/subscriptions/c02646f3-6401-40c7-8543-69333821da9a/resourceGroups/ContosoAll/providers/Microsoft.KeyVault/vaults/emreg-vault01","Microsoft.KeyVault/vaults","ServiceApiResult","Total Service Api Results"
"/subscriptions/c02646f3-6401-40c7-8543-69333821da9a/resourceGroups/ContosoAll/providers/Microsoft.KeyVault/vaults/emreg-vault01","Microsoft.KeyVault/vaults","SaturationShoebox","Overall Vault Saturation"
"/subscriptions/c02646f3-6401-40c7-8543-69333821da9a/resourceGroups/ContosoAll/providers/Microsoft.KeyVault/vaults/emreg-vault01","Microsoft.KeyVault/vaults","Availability","Overall Vault Availability"
"/subscriptions/c02646f3-6401-40c7-8543-69333821da9a/resourceGroups/ContosoAll/providers/Microsoft.Kubernetes/connectedClusters/docker-desktop","Microsoft.Kubernetes/connectedClusters","capacity_cpu_cores","Total number of cpu cores in a connected cluster"
"/subscriptions/c02646f3-6401-40c7-8543-69333821da9a/resourceGroups/ContosoAll/providers/Microsoft.OperationalInsights/workspaces/Spark22WinterWS","Microsoft.OperationalInsights/workspaces","Average_% Free Inodes","% Free Inodes"
"/subscriptions/c02646f3-6401-40c7-8543-69333821da9a/resourceGroups/ContosoAll/providers/Microsoft.OperationalInsights/workspaces/Spark22WinterWS","Microsoft.OperationalInsights/workspaces","Average_% Free Space","% Free Space"
"/subscriptions/c02646f3-6401-40c7-8543-69333821da9a/resourceGroups/ContosoAll/providers/Microsoft.OperationalInsights/workspaces/Spark22WinterWS","Microsoft.OperationalInsights/workspaces","Average_% Used Inodes","% Used Inodes"
"/subscriptions/c02646f3-6401-40c7-8543-69333821da9a/resourceGroups/ContosoAll/providers/Microsoft.OperationalInsights/workspaces/Spark22WinterWS","Microsoft.OperationalInsights/workspaces","Average_% Used Space","% Used Space"
"/subscriptions/c02646f3-6401-40c7-8543-69333821da9a/resourceGroups/ContosoAll/providers/Microsoft.OperationalInsights/workspaces/Spark22WinterWS","Microsoft.OperationalInsights/workspaces","Average_Disk Read Bytes/sec","Disk Read Bytes/sec"
"/subscriptions/c02646f3-6401-40c7-8543-69333821da9a/resourceGroups/ContosoAll/providers/Microsoft.OperationalInsights/workspaces/Spark22WinterWS","Microsoft.OperationalInsights/workspaces","Average_Disk Reads/sec","Disk Reads/sec"
"/subscriptions/c02646f3-6401-40c7-8543-69333821da9a/resourceGroups/ContosoAll/providers/Microsoft.OperationalInsights/workspaces/Spark22WinterWS","Microsoft.OperationalInsights/workspaces","Average_Disk Transfers/sec","Disk Transfers/sec"
"/subscriptions/c02646f3-6401-40c7-8543-69333821da9a/resourceGroups/ContosoAll/providers/Microsoft.OperationalInsights/workspaces/Spark22WinterWS","Microsoft.OperationalInsights/workspaces","Average_Disk Write Bytes/sec","Disk Write Bytes/sec"
"/subscriptions/c02646f3-6401-40c7-8543-69333821da9a/resourceGroups/ContosoAll/providers/Microsoft.OperationalInsights/workspaces/Spark22WinterWS","Microsoft.OperationalInsights/workspaces","Average_Disk Writes/sec","Disk Writes/sec"
"/subscriptions/c02646f3-6401-40c7-8543-69333821da9a/resourceGroups/ContosoAll/providers/Microsoft.OperationalInsights/workspaces/Spark22WinterWS","Microsoft.OperationalInsights/workspaces","Average_Free Megabytes","Free Megabytes"
"/subscriptions/c02646f3-6401-40c7-8543-69333821da9a/resourceGroups/ContosoAll/providers/Microsoft.OperationalInsights/workspaces/Spark22WinterWS","Microsoft.OperationalInsights/workspaces","Average_Logical Disk Bytes/sec","Logical Disk Bytes/sec"
"/subscriptions/c02646f3-6401-40c7-8543-69333821da9a/resourceGroups/ContosoAll/providers/Microsoft.OperationalInsights/workspaces/Spark22WinterWS","Microsoft.OperationalInsights/workspaces","Average_% Available Memory","% Available Memory"
"/subscriptions/c02646f3-6401-40c7-8543-69333821da9a/resourceGroups/ContosoAll/providers/Microsoft.OperationalInsights/workspaces/Spark22WinterWS","Microsoft.OperationalInsights/workspaces","Average_% Available Swap Space","% Available Swap Space"
"/subscriptions/c02646f3-6401-40c7-8543-69333821da9a/resourceGroups/ContosoAll/providers/Microsoft.OperationalInsights/workspaces/Spark22WinterWS","Microsoft.OperationalInsights/workspaces","Average_% Used Memory","% Used Memory"
"/subscriptions/c02646f3-6401-40c7-8543-69333821da9a/resourceGroups/ContosoAll/providers/Microsoft.OperationalInsights/workspaces/Spark22WinterWS","Microsoft.OperationalInsights/workspaces","Average_% Used Swap Space","% Used Swap Space"
"/subscriptions/c02646f3-6401-40c7-8543-69333821da9a/resourceGroups/ContosoAll/providers/Microsoft.OperationalInsights/workspaces/Spark22WinterWS","Microsoft.OperationalInsights/workspaces","Average_Available MBytes Memory","Available MBytes Memory"
"/subscriptions/c02646f3-6401-40c7-8543-69333821da9a/resourceGroups/ContosoAll/providers/Microsoft.OperationalInsights/workspaces/Spark22WinterWS","Microsoft.OperationalInsights/workspaces","Average_Available MBytes Swap","Available MBytes Swap"
"/subscriptions/c02646f3-6401-40c7-8543-69333821da9a/resourceGroups/ContosoAll/providers/Microsoft.OperationalInsights/workspaces/Spark22WinterWS","Microsoft.OperationalInsights/workspaces","Average_Page Reads/sec","Page Reads/sec"
"/subscriptions/c02646f3-6401-40c7-8543-69333821da9a/resourceGroups/ContosoAll/providers/Microsoft.OperationalInsights/workspaces/Spark22WinterWS","Microsoft.OperationalInsights/workspaces","Average_Page Writes/sec","Page Writes/sec"
"/subscriptions/c02646f3-6401-40c7-8543-69333821da9a/resourceGroups/ContosoAll/providers/Microsoft.OperationalInsights/workspaces/Spark22WinterWS","Microsoft.OperationalInsights/workspaces","Average_Pages/sec","Pages/sec"
"/subscriptions/c02646f3-6401-40c7-8543-69333821da9a/resourceGroups/ContosoAll/providers/Microsoft.OperationalInsights/workspaces/Spark22WinterWS","Microsoft.OperationalInsights/workspaces","Average_Used MBytes Swap Space","Used MBytes Swap Space"
"/subscriptions/c02646f3-6401-40c7-8543-69333821da9a/resourceGroups/ContosoAll/providers/Microsoft.OperationalInsights/workspaces/Spark22WinterWS","Microsoft.OperationalInsights/workspaces","Average_Used Memory MBytes","Used Memory MBytes"
"/subscriptions/c02646f3-6401-40c7-8543-69333821da9a/resourceGroups/ContosoAll/providers/Microsoft.OperationalInsights/workspaces/Spark22WinterWS","Microsoft.OperationalInsights/workspaces","Average_Total Bytes Transmitted","Total Bytes Transmitted"
"/subscriptions/c02646f3-6401-40c7-8543-69333821da9a/resourceGroups/ContosoAll/providers/Microsoft.OperationalInsights/workspaces/Spark22WinterWS","Microsoft.OperationalInsights/workspaces","Average_Total Bytes Received","Total Bytes Received"
"/subscriptions/c02646f3-6401-40c7-8543-69333821da9a/resourceGroups/ContosoAll/providers/Microsoft.OperationalInsights/workspaces/Spark22WinterWS","Microsoft.OperationalInsights/workspaces","Average_Total Bytes","Total Bytes"
"/subscriptions/c02646f3-6401-40c7-8543-69333821da9a/resourceGroups/ContosoAll/providers/Microsoft.OperationalInsights/workspaces/Spark22WinterWS","Microsoft.OperationalInsights/workspaces","Average_Total Packets Transmitted","Total Packets Transmitted"
"/subscriptions/c02646f3-6401-40c7-8543-69333821da9a/resourceGroups/ContosoAll/providers/Microsoft.OperationalInsights/workspaces/Spark22WinterWS","Microsoft.OperationalInsights/workspaces","Average_Total Packets Received","Total Packets Received"
"/subscriptions/c02646f3-6401-40c7-8543-69333821da9a/resourceGroups/ContosoAll/providers/Microsoft.OperationalInsights/workspaces/Spark22WinterWS","Microsoft.OperationalInsights/workspaces","Average_Total Rx Errors","Total Rx Errors"
"/subscriptions/c02646f3-6401-40c7-8543-69333821da9a/resourceGroups/ContosoAll/providers/Microsoft.OperationalInsights/workspaces/Spark22WinterWS","Microsoft.OperationalInsights/workspaces","Average_Total Tx Errors","Total Tx Errors"
"/subscriptions/c02646f3-6401-40c7-8543-69333821da9a/resourceGroups/ContosoAll/providers/Microsoft.OperationalInsights/workspaces/Spark22WinterWS","Microsoft.OperationalInsights/workspaces","Average_Total Collisions","Total Collisions"
"/subscriptions/c02646f3-6401-40c7-8543-69333821da9a/resourceGroups/ContosoAll/providers/Microsoft.OperationalInsights/workspaces/Spark22WinterWS","Microsoft.OperationalInsights/workspaces","Average_Avg. Disk sec/Read","Avg. Disk sec/Read"
"/subscriptions/c02646f3-6401-40c7-8543-69333821da9a/resourceGroups/ContosoAll/providers/Microsoft.OperationalInsights/workspaces/Spark22WinterWS","Microsoft.OperationalInsights/workspaces","Average_Avg. Disk sec/Transfer","Avg. Disk sec/Transfer"
"/subscriptions/c02646f3-6401-40c7-8543-69333821da9a/resourceGroups/ContosoAll/providers/Microsoft.OperationalInsights/workspaces/Spark22WinterWS","Microsoft.OperationalInsights/workspaces","Average_Avg. Disk sec/Write","Avg. Disk sec/Write"
"/subscriptions/c02646f3-6401-40c7-8543-69333821da9a/resourceGroups/ContosoAll/providers/Microsoft.OperationalInsights/workspaces/Spark22WinterWS","Microsoft.OperationalInsights/workspaces","Average_Physical Disk Bytes/sec","Physical Disk Bytes/sec"
"/subscriptions/c02646f3-6401-40c7-8543-69333821da9a/resourceGroups/ContosoAll/providers/Microsoft.OperationalInsights/workspaces/Spark22WinterWS","Microsoft.OperationalInsights/workspaces","Average_Pct Privileged Time","Pct Privileged Time"
"/subscriptions/c02646f3-6401-40c7-8543-69333821da9a/resourceGroups/ContosoAll/providers/Microsoft.OperationalInsights/workspaces/Spark22WinterWS","Microsoft.OperationalInsights/workspaces","Average_Pct User Time","Pct User Time"
"/subscriptions/c02646f3-6401-40c7-8543-69333821da9a/resourceGroups/ContosoAll/providers/Microsoft.OperationalInsights/workspaces/Spark22WinterWS","Microsoft.OperationalInsights/workspaces","Average_Used Memory kBytes","Used Memory kBytes"
"/subscriptions/c02646f3-6401-40c7-8543-69333821da9a/resourceGroups/ContosoAll/providers/Microsoft.OperationalInsights/workspaces/Spark22WinterWS","Microsoft.OperationalInsights/workspaces","Average_Virtual Shared Memory","Virtual Shared Memory"
"/subscriptions/c02646f3-6401-40c7-8543-69333821da9a/resourceGroups/ContosoAll/providers/Microsoft.OperationalInsights/workspaces/Spark22WinterWS","Microsoft.OperationalInsights/workspaces","Average_% DPC Time","% DPC Time"
"/subscriptions/c02646f3-6401-40c7-8543-69333821da9a/resourceGroups/ContosoAll/providers/Microsoft.OperationalInsights/workspaces/Spark22WinterWS","Microsoft.OperationalInsights/workspaces","Average_% Idle Time","% Idle Time"
"/subscriptions/c02646f3-6401-40c7-8543-69333821da9a/resourceGroups/ContosoAll/providers/Microsoft.OperationalInsights/workspaces/Spark22WinterWS","Microsoft.OperationalInsights/workspaces","Average_% Interrupt Time","% Interrupt Time"
"/subscriptions/c02646f3-6401-40c7-8543-69333821da9a/resourceGroups/ContosoAll/providers/Microsoft.OperationalInsights/workspaces/Spark22WinterWS","Microsoft.OperationalInsights/workspaces","Average_% IO Wait Time","% IO Wait Time"
"/subscriptions/c02646f3-6401-40c7-8543-69333821da9a/resourceGroups/ContosoAll/providers/Microsoft.OperationalInsights/workspaces/Spark22WinterWS","Microsoft.OperationalInsights/workspaces","Average_% Nice Time","% Nice Time"
"/subscriptions/c02646f3-6401-40c7-8543-69333821da9a/resourceGroups/ContosoAll/providers/Microsoft.OperationalInsights/workspaces/Spark22WinterWS","Microsoft.OperationalInsights/workspaces","Average_% Privileged Time","% Privileged Time"
"/subscriptions/c02646f3-6401-40c7-8543-69333821da9a/resourceGroups/ContosoAll/providers/Microsoft.OperationalInsights/workspaces/Spark22WinterWS","Microsoft.OperationalInsights/workspaces","Average_% Processor Time","% Processor Time"
"/subscriptions/c02646f3-6401-40c7-8543-69333821da9a/resourceGroups/ContosoAll/providers/Microsoft.OperationalInsights/workspaces/Spark22WinterWS","Microsoft.OperationalInsights/workspaces","Average_% User Time","% User Time"
"/subscriptions/c02646f3-6401-40c7-8543-69333821da9a/resourceGroups/ContosoAll/providers/Microsoft.OperationalInsights/workspaces/Spark22WinterWS","Microsoft.OperationalInsights/workspaces","Average_Free Physical Memory","Free Physical Memory"
"/subscriptions/c02646f3-6401-40c7-8543-69333821da9a/resourceGroups/ContosoAll/providers/Microsoft.OperationalInsights/workspaces/Spark22WinterWS","Microsoft.OperationalInsights/workspaces","Average_Free Space in Paging Files","Free Space in Paging Files"
"/subscriptions/c02646f3-6401-40c7-8543-69333821da9a/resourceGroups/ContosoAll/providers/Microsoft.OperationalInsights/workspaces/Spark22WinterWS","Microsoft.OperationalInsights/workspaces","Average_Free Virtual Memory","Free Virtual Memory"
"/subscriptions/c02646f3-6401-40c7-8543-69333821da9a/resourceGroups/ContosoAll/providers/Microsoft.OperationalInsights/workspaces/Spark22WinterWS","Microsoft.OperationalInsights/workspaces","Average_Processes","Processes"
"/subscriptions/c02646f3-6401-40c7-8543-69333821da9a/resourceGroups/ContosoAll/providers/Microsoft.OperationalInsights/workspaces/Spark22WinterWS","Microsoft.OperationalInsights/workspaces","Average_Size Stored In Paging Files","Size Stored In Paging Files"
"/subscriptions/c02646f3-6401-40c7-8543-69333821da9a/resourceGroups/ContosoAll/providers/Microsoft.OperationalInsights/workspaces/Spark22WinterWS","Microsoft.OperationalInsights/workspaces","Average_Uptime","Uptime"
"/subscriptions/c02646f3-6401-40c7-8543-69333821da9a/resourceGroups/ContosoAll/providers/Microsoft.OperationalInsights/workspaces/Spark22WinterWS","Microsoft.OperationalInsights/workspaces","Average_Users","Users"
"/subscriptions/c02646f3-6401-40c7-8543-69333821da9a/resourceGroups/ContosoAll/providers/Microsoft.OperationalInsights/workspaces/Spark22WinterWS","Microsoft.OperationalInsights/workspaces","Average_Current Disk Queue Length","Current Disk Queue Length"
"/subscriptions/c02646f3-6401-40c7-8543-69333821da9a/resourceGroups/ContosoAll/providers/Microsoft.OperationalInsights/workspaces/Spark22WinterWS","Microsoft.OperationalInsights/workspaces","Average_Available MBytes","Available MBytes"
"/subscriptions/c02646f3-6401-40c7-8543-69333821da9a/resourceGroups/ContosoAll/providers/Microsoft.OperationalInsights/workspaces/Spark22WinterWS","Microsoft.OperationalInsights/workspaces","Average_% Committed Bytes In Use","% Committed Bytes In Use"
"/subscriptions/c02646f3-6401-40c7-8543-69333821da9a/resourceGroups/ContosoAll/providers/Microsoft.OperationalInsights/workspaces/Spark22WinterWS","Microsoft.OperationalInsights/workspaces","Average_Bytes Received/sec","Bytes Received/sec"
"/subscriptions/c02646f3-6401-40c7-8543-69333821da9a/resourceGroups/ContosoAll/providers/Microsoft.OperationalInsights/workspaces/Spark22WinterWS","Microsoft.OperationalInsights/workspaces","Average_Bytes Sent/sec","Bytes Sent/sec"
"/subscriptions/c02646f3-6401-40c7-8543-69333821da9a/resourceGroups/ContosoAll/providers/Microsoft.OperationalInsights/workspaces/Spark22WinterWS","Microsoft.OperationalInsights/workspaces","Average_Bytes Total/sec","Bytes Total/sec"
"/subscriptions/c02646f3-6401-40c7-8543-69333821da9a/resourceGroups/ContosoAll/providers/Microsoft.OperationalInsights/workspaces/Spark22WinterWS","Microsoft.OperationalInsights/workspaces","Average_Processor Queue Length","Processor Queue Length"
"/subscriptions/c02646f3-6401-40c7-8543-69333821da9a/resourceGroups/ContosoAll/providers/Microsoft.OperationalInsights/workspaces/Spark22WinterWS","Microsoft.OperationalInsights/workspaces","Heartbeat","Heartbeat"
"/subscriptions/c02646f3-6401-40c7-8543-69333821da9a/resourceGroups/ContosoAll/providers/Microsoft.OperationalInsights/workspaces/Spark22WinterWS","Microsoft.OperationalInsights/workspaces","Update","Update"
"/subscriptions/c02646f3-6401-40c7-8543-69333821da9a/resourceGroups/ContosoAll/providers/Microsoft.OperationalInsights/workspaces/Spark22WinterWS","Microsoft.OperationalInsights/workspaces","Event","Event"
"/subscriptions/c02646f3-6401-40c7-8543-69333821da9a/resourceGroups/ContosoAll/providers/Microsoft.Storage/storageAccounts/spark22storageaccount","Microsoft.Storage/storageAccounts","UsedCapacity","Used capacity"
"/subscriptions/c02646f3-6401-40c7-8543-69333821da9a/resourceGroups/ContosoAll/providers/Microsoft.Storage/storageAccounts/spark22storageaccount","Microsoft.Storage/storageAccounts","Transactions","Transactions"
"/subscriptions/c02646f3-6401-40c7-8543-69333821da9a/resourceGroups/ContosoAll/providers/Microsoft.Storage/storageAccounts/spark22storageaccount","Microsoft.Storage/storageAccounts","Ingress","Ingress"
"/subscriptions/c02646f3-6401-40c7-8543-69333821da9a/resourceGroups/ContosoAll/providers/Microsoft.Storage/storageAccounts/spark22storageaccount","Microsoft.Storage/storageAccounts","Egress","Egress"
"/subscriptions/c02646f3-6401-40c7-8543-69333821da9a/resourceGroups/ContosoAll/providers/Microsoft.Storage/storageAccounts/spark22storageaccount","Microsoft.Storage/storageAccounts","SuccessServerLatency","Success Server Latency"
"/subscriptions/c02646f3-6401-40c7-8543-69333821da9a/resourceGroups/ContosoAll/providers/Microsoft.Storage/storageAccounts/spark22storageaccount","Microsoft.Storage/storageAccounts","SuccessE2ELatency","Success E2E Latency"
"/subscriptions/c02646f3-6401-40c7-8543-69333821da9a/resourceGroups/ContosoAll/providers/Microsoft.Storage/storageAccounts/spark22storageaccount","Microsoft.Storage/storageAccounts","Availability","Availability"
"/subscriptions/c02646f3-6401-40c7-8543-69333821da9a/resourceGroups/ContosoAll/providers/microsoft.insights/components/Spark22SendAlertNotificationToTeamsChann","microsoft.insights/components","availabilityResults/availabilityPercentage","Availability"
"/subscriptions/c02646f3-6401-40c7-8543-69333821da9a/resourceGroups/ContosoAll/providers/microsoft.insights/components/Spark22SendAlertNotificationToTeamsChann","microsoft.insights/components","availabilityResults/count","Availability tests"
"/subscriptions/c02646f3-6401-40c7-8543-69333821da9a/resourceGroups/ContosoAll/providers/microsoft.insights/components/Spark22SendAlertNotificationToTeamsChann","microsoft.insights/components","availabilityResults/duration","Availability test duration"
"/subscriptions/c02646f3-6401-40c7-8543-69333821da9a/resourceGroups/ContosoAll/providers/microsoft.insights/components/Spark22SendAlertNotificationToTeamsChann","microsoft.insights/components","browserTimings/networkDuration","Page load network connect time"
"/subscriptions/c02646f3-6401-40c7-8543-69333821da9a/resourceGroups/ContosoAll/providers/microsoft.insights/components/Spark22SendAlertNotificationToTeamsChann","microsoft.insights/components","browserTimings/processingDuration","Client processing time"
"/subscriptions/c02646f3-6401-40c7-8543-69333821da9a/resourceGroups/ContosoAll/providers/microsoft.insights/components/Spark22SendAlertNotificationToTeamsChann","microsoft.insights/components","browserTimings/receiveDuration","Receiving response time"
"/subscriptions/c02646f3-6401-40c7-8543-69333821da9a/resourceGroups/ContosoAll/providers/microsoft.insights/components/Spark22SendAlertNotificationToTeamsChann","microsoft.insights/components","browserTimings/sendDuration","Send request time"
"/subscriptions/c02646f3-6401-40c7-8543-69333821da9a/resourceGroups/ContosoAll/providers/microsoft.insights/components/Spark22SendAlertNotificationToTeamsChann","microsoft.insights/components","browserTimings/totalDuration","Browser page load time"
"/subscriptions/c02646f3-6401-40c7-8543-69333821da9a/resourceGroups/ContosoAll/providers/microsoft.insights/components/Spark22SendAlertNotificationToTeamsChann","microsoft.insights/components","dependencies/count","Dependency calls"
"/subscriptions/c02646f3-6401-40c7-8543-69333821da9a/resourceGroups/ContosoAll/providers/microsoft.insights/components/Spark22SendAlertNotificationToTeamsChann","microsoft.insights/components","dependencies/duration","Dependency duration"
"/subscriptions/c02646f3-6401-40c7-8543-69333821da9a/resourceGroups/ContosoAll/providers/microsoft.insights/components/Spark22SendAlertNotificationToTeamsChann","microsoft.insights/components","dependencies/failed","Dependency call failures"
"/subscriptions/c02646f3-6401-40c7-8543-69333821da9a/resourceGroups/ContosoAll/providers/microsoft.insights/components/Spark22SendAlertNotificationToTeamsChann","microsoft.insights/components","pageViews/count","Page views"
"/subscriptions/c02646f3-6401-40c7-8543-69333821da9a/resourceGroups/ContosoAll/providers/microsoft.insights/components/Spark22SendAlertNotificationToTeamsChann","microsoft.insights/components","pageViews/duration","Page view load time"
"/subscriptions/c02646f3-6401-40c7-8543-69333821da9a/resourceGroups/ContosoAll/providers/microsoft.insights/components/Spark22SendAlertNotificationToTeamsChann","microsoft.insights/components","performanceCounters/requestExecutionTime","HTTP request execution time"
"/subscriptions/c02646f3-6401-40c7-8543-69333821da9a/resourceGroups/ContosoAll/providers/microsoft.insights/components/Spark22SendAlertNotificationToTeamsChann","microsoft.insights/components","performanceCounters/requestsInQueue","HTTP requests in application queue"
"/subscriptions/c02646f3-6401-40c7-8543-69333821da9a/resourceGroups/ContosoAll/providers/microsoft.insights/components/Spark22SendAlertNotificationToTeamsChann","microsoft.insights/components","performanceCounters/requestsPerSecond","HTTP request rate"
"/subscriptions/c02646f3-6401-40c7-8543-69333821da9a/resourceGroups/ContosoAll/providers/microsoft.insights/components/Spark22SendAlertNotificationToTeamsChann","microsoft.insights/components","performanceCounters/exceptionsPerSecond","Exception rate"
"/subscriptions/c02646f3-6401-40c7-8543-69333821da9a/resourceGroups/ContosoAll/providers/microsoft.insights/components/Spark22SendAlertNotificationToTeamsChann","microsoft.insights/components","performanceCounters/processIOBytesPerSecond","Process IO rate"
"/subscriptions/c02646f3-6401-40c7-8543-69333821da9a/resourceGroups/ContosoAll/providers/microsoft.insights/components/Spark22SendAlertNotificationToTeamsChann","microsoft.insights/components","performanceCounters/processCpuPercentage","Process CPU"
"/subscriptions/c02646f3-6401-40c7-8543-69333821da9a/resourceGroups/ContosoAll/providers/microsoft.insights/components/Spark22SendAlertNotificationToTeamsChann","microsoft.insights/components","performanceCounters/processorCpuPercentage","Processor time"
"/subscriptions/c02646f3-6401-40c7-8543-69333821da9a/resourceGroups/ContosoAll/providers/microsoft.insights/components/Spark22SendAlertNotificationToTeamsChann","microsoft.insights/components","performanceCounters/memoryAvailableBytes","Available memory"
"/subscriptions/c02646f3-6401-40c7-8543-69333821da9a/resourceGroups/ContosoAll/providers/microsoft.insights/components/Spark22SendAlertNotificationToTeamsChann","microsoft.insights/components","performanceCounters/processPrivateBytes","Process private bytes"
"/subscriptions/c02646f3-6401-40c7-8543-69333821da9a/resourceGroups/ContosoAll/providers/microsoft.insights/components/Spark22SendAlertNotificationToTeamsChann","microsoft.insights/components","requests/duration","Server response time"
"/subscriptions/c02646f3-6401-40c7-8543-69333821da9a/resourceGroups/ContosoAll/providers/microsoft.insights/components/Spark22SendAlertNotificationToTeamsChann","microsoft.insights/components","requests/count","Server requests"
"/subscriptions/c02646f3-6401-40c7-8543-69333821da9a/resourceGroups/ContosoAll/providers/microsoft.insights/components/Spark22SendAlertNotificationToTeamsChann","microsoft.insights/components","requests/failed","Failed requests"
"/subscriptions/c02646f3-6401-40c7-8543-69333821da9a/resourceGroups/ContosoAll/providers/microsoft.insights/components/Spark22SendAlertNotificationToTeamsChann","microsoft.insights/components","requests/rate","Server request rate"
"/subscriptions/c02646f3-6401-40c7-8543-69333821da9a/resourceGroups/ContosoAll/providers/microsoft.insights/components/Spark22SendAlertNotificationToTeamsChann","microsoft.insights/components","exceptions/count","Exceptions"
"/subscriptions/c02646f3-6401-40c7-8543-69333821da9a/resourceGroups/ContosoAll/providers/microsoft.insights/components/Spark22SendAlertNotificationToTeamsChann","microsoft.insights/components","exceptions/browser","Browser exceptions"
"/subscriptions/c02646f3-6401-40c7-8543-69333821da9a/resourceGroups/ContosoAll/providers/microsoft.insights/components/Spark22SendAlertNotificationToTeamsChann","microsoft.insights/components","exceptions/server","Server exceptions"
"/subscriptions/c02646f3-6401-40c7-8543-69333821da9a/resourceGroups/ContosoAll/providers/microsoft.insights/components/Spark22SendAlertNotificationToTeamsChann","microsoft.insights/components","traces/count","Traces"
"/subscriptions/c02646f3-6401-40c7-8543-69333821da9a/resourceGroups/ContosoAll/providers/Microsoft.DBforPostgreSQL/flexibleServers/emreg-flex","Microsoft.DBforPostgreSQL/flexibleServers","backup_storage_used","Backup Storage Used"
"/subscriptions/c02646f3-6401-40c7-8543-69333821da9a/resourceGroups/ContosoAll/providers/Microsoft.DBforPostgreSQL/flexibleServers/emreg-flex","Microsoft.DBforPostgreSQL/flexibleServers","cpu_credits_consumed","CPU Credits Consumed"
"/subscriptions/c02646f3-6401-40c7-8543-69333821da9a/resourceGroups/ContosoAll/providers/Microsoft.DBforPostgreSQL/flexibleServers/emreg-flex","Microsoft.DBforPostgreSQL/flexibleServers","cpu_credits_remaining","CPU Credits Remaining"
"/subscriptions/c02646f3-6401-40c7-8543-69333821da9a/resourceGroups/ContosoAll/providers/Microsoft.DBforPostgreSQL/flexibleServers/emreg-flex","Microsoft.DBforPostgreSQL/flexibleServers","cpu_percent","CPU percent"
"/subscriptions/c02646f3-6401-40c7-8543-69333821da9a/resourceGroups/ContosoAll/providers/Microsoft.DBforPostgreSQL/flexibleServers/emreg-flex","Microsoft.DBforPostgreSQL/flexibleServers","memory_percent","Memory percent"
"/subscriptions/c02646f3-6401-40c7-8543-69333821da9a/resourceGroups/ContosoAll/providers/Microsoft.DBforPostgreSQL/flexibleServers/emreg-flex","Microsoft.DBforPostgreSQL/flexibleServers","iops","IOPS"
"/subscriptions/c02646f3-6401-40c7-8543-69333821da9a/resourceGroups/ContosoAll/providers/Microsoft.DBforPostgreSQL/flexibleServers/emreg-flex","Microsoft.DBforPostgreSQL/flexibleServers","disk_queue_depth","Disk Queue Depth"
"/subscriptions/c02646f3-6401-40c7-8543-69333821da9a/resourceGroups/ContosoAll/providers/Microsoft.DBforPostgreSQL/flexibleServers/emreg-flex","Microsoft.DBforPostgreSQL/flexibleServers","read_throughput","Read Throughput Bytes/Sec"
"/subscriptions/c02646f3-6401-40c7-8543-69333821da9a/resourceGroups/ContosoAll/providers/Microsoft.DBforPostgreSQL/flexibleServers/emreg-flex","Microsoft.DBforPostgreSQL/flexibleServers","write_throughput","Write Throughput Bytes/Sec"
"/subscriptions/c02646f3-6401-40c7-8543-69333821da9a/resourceGroups/ContosoAll/providers/Microsoft.DBforPostgreSQL/flexibleServers/emreg-flex","Microsoft.DBforPostgreSQL/flexibleServers","read_iops","Read IOPS"
"/subscriptions/c02646f3-6401-40c7-8543-69333821da9a/resourceGroups/ContosoAll/providers/Microsoft.DBforPostgreSQL/flexibleServers/emreg-flex","Microsoft.DBforPostgreSQL/flexibleServers","write_iops","Write IOPS"
"/subscriptions/c02646f3-6401-40c7-8543-69333821da9a/resourceGroups/ContosoAll/providers/Microsoft.DBforPostgreSQL/flexibleServers/emreg-flex","Microsoft.DBforPostgreSQL/flexibleServers","storage_percent","Storage percent"
"/subscriptions/c02646f3-6401-40c7-8543-69333821da9a/resourceGroups/ContosoAll/providers/Microsoft.DBforPostgreSQL/flexibleServers/emreg-flex","Microsoft.DBforPostgreSQL/flexibleServers","storage_used","Storage used"
"/subscriptions/c02646f3-6401-40c7-8543-69333821da9a/resourceGroups/ContosoAll/providers/Microsoft.DBforPostgreSQL/flexibleServers/emreg-flex","Microsoft.DBforPostgreSQL/flexibleServers","storage_free","Storage Free"
"/subscriptions/c02646f3-6401-40c7-8543-69333821da9a/resourceGroups/ContosoAll/providers/Microsoft.DBforPostgreSQL/flexibleServers/emreg-flex","Microsoft.DBforPostgreSQL/flexibleServers","txlogs_storage_used","Transaction Log Storage Used"
"/subscriptions/c02646f3-6401-40c7-8543-69333821da9a/resourceGroups/ContosoAll/providers/Microsoft.DBforPostgreSQL/flexibleServers/emreg-flex","Microsoft.DBforPostgreSQL/flexibleServers","active_connections","Active Connections"
"/subscriptions/c02646f3-6401-40c7-8543-69333821da9a/resourceGroups/ContosoAll/providers/Microsoft.DBforPostgreSQL/flexibleServers/emreg-flex","Microsoft.DBforPostgreSQL/flexibleServers","network_bytes_egress","Network Out"
"/subscriptions/c02646f3-6401-40c7-8543-69333821da9a/resourceGroups/ContosoAll/providers/Microsoft.DBforPostgreSQL/flexibleServers/emreg-flex","Microsoft.DBforPostgreSQL/flexibleServers","network_bytes_ingress","Network In"
"/subscriptions/c02646f3-6401-40c7-8543-69333821da9a/resourceGroups/ContosoAll/providers/Microsoft.DBforPostgreSQL/flexibleServers/emreg-flex","Microsoft.DBforPostgreSQL/flexibleServers","connections_failed","Failed Connections"
"/subscriptions/c02646f3-6401-40c7-8543-69333821da9a/resourceGroups/ContosoAll/providers/Microsoft.DBforPostgreSQL/flexibleServers/emreg-flex","Microsoft.DBforPostgreSQL/flexibleServers","connections_succeeded","Succeeded Connections"
"/subscriptions/c02646f3-6401-40c7-8543-69333821da9a/resourceGroups/ContosoAll/providers/Microsoft.DBforPostgreSQL/flexibleServers/emreg-flex","Microsoft.DBforPostgreSQL/flexibleServers","maximum_used_transactionIDs","Maximum Used Transaction IDs"
"/subscriptions/c02646f3-6401-40c7-8543-69333821da9a/resourceGroups/ContosoAll/providers/Microsoft.Web/serverFarms/ASP-ContosoAll-a6ee","Microsoft.Web/serverFarms","CpuPercentage","CPU Percentage"
"/subscriptions/c02646f3-6401-40c7-8543-69333821da9a/resourceGroups/ContosoAll/providers/Microsoft.Web/serverFarms/ASP-ContosoAll-a6ee","Microsoft.Web/serverFarms","MemoryPercentage","Memory Percentage"
"/subscriptions/c02646f3-6401-40c7-8543-69333821da9a/resourceGroups/ContosoAll/providers/Microsoft.Web/serverFarms/ASP-ContosoAll-a6ee","Microsoft.Web/serverFarms","DiskQueueLength","Disk Queue Length"
"/subscriptions/c02646f3-6401-40c7-8543-69333821da9a/resourceGroups/ContosoAll/providers/Microsoft.Web/serverFarms/ASP-ContosoAll-a6ee","Microsoft.Web/serverFarms","HttpQueueLength","Http Queue Length"
"/subscriptions/c02646f3-6401-40c7-8543-69333821da9a/resourceGroups/ContosoAll/providers/Microsoft.Web/serverFarms/ASP-ContosoAll-a6ee","Microsoft.Web/serverFarms","BytesReceived","Data In"
"/subscriptions/c02646f3-6401-40c7-8543-69333821da9a/resourceGroups/ContosoAll/providers/Microsoft.Web/serverFarms/ASP-ContosoAll-a6ee","Microsoft.Web/serverFarms","BytesSent","Data Out"
"/subscriptions/c02646f3-6401-40c7-8543-69333821da9a/resourceGroups/ContosoAll/providers/Microsoft.Web/serverFarms/ASP-ContosoAll-a6ee","Microsoft.Web/serverFarms","TcpSynSent","TCP Syn Sent"
"/subscriptions/c02646f3-6401-40c7-8543-69333821da9a/resourceGroups/ContosoAll/providers/Microsoft.Web/serverFarms/ASP-ContosoAll-a6ee","Microsoft.Web/serverFarms","TcpSynReceived","TCP Syn Received"
"/subscriptions/c02646f3-6401-40c7-8543-69333821da9a/resourceGroups/ContosoAll/providers/Microsoft.Web/serverFarms/ASP-ContosoAll-a6ee","Microsoft.Web/serverFarms","TcpEstablished","TCP Established"
"/subscriptions/c02646f3-6401-40c7-8543-69333821da9a/resourceGroups/ContosoAll/providers/Microsoft.Web/serverFarms/ASP-ContosoAll-a6ee","Microsoft.Web/serverFarms","TcpFinWait1","TCP Fin Wait 1"
"/subscriptions/c02646f3-6401-40c7-8543-69333821da9a/resourceGroups/ContosoAll/providers/Microsoft.Web/serverFarms/ASP-ContosoAll-a6ee","Microsoft.Web/serverFarms","TcpFinWait2","TCP Fin Wait 2"
"/subscriptions/c02646f3-6401-40c7-8543-69333821da9a/resourceGroups/ContosoAll/providers/Microsoft.Web/serverFarms/ASP-ContosoAll-a6ee","Microsoft.Web/serverFarms","TcpClosing","TCP Closing"
"/subscriptions/c02646f3-6401-40c7-8543-69333821da9a/resourceGroups/ContosoAll/providers/Microsoft.Web/serverFarms/ASP-ContosoAll-a6ee","Microsoft.Web/serverFarms","TcpCloseWait","TCP Close Wait"
"/subscriptions/c02646f3-6401-40c7-8543-69333821da9a/resourceGroups/ContosoAll/providers/Microsoft.Web/serverFarms/ASP-ContosoAll-a6ee","Microsoft.Web/serverFarms","TcpLastAck","TCP Last Ack"
"/subscriptions/c02646f3-6401-40c7-8543-69333821da9a/resourceGroups/ContosoAll/providers/Microsoft.Web/serverFarms/ASP-ContosoAll-a6ee","Microsoft.Web/serverFarms","TcpTimeWait","TCP Time Wait"
"/subscriptions/c02646f3-6401-40c7-8543-69333821da9a/resourceGroups/ContosoAll/providers/Microsoft.Web/serverFarms/ASP-ContosoAll-a6ee","Microsoft.Web/serverFarms","SocketInboundAll","Socket Count for Inbound Requests"
"/subscriptions/c02646f3-6401-40c7-8543-69333821da9a/resourceGroups/ContosoAll/providers/Microsoft.Web/serverFarms/ASP-ContosoAll-a6ee","Microsoft.Web/serverFarms","SocketOutboundAll","Socket Count of Outbound Requests"
"/subscriptions/c02646f3-6401-40c7-8543-69333821da9a/resourceGroups/ContosoAll/providers/Microsoft.Web/serverFarms/ASP-ContosoAll-a6ee","Microsoft.Web/serverFarms","SocketOutboundEstablished","Established Socket Count for Outbound Requests"
"/subscriptions/c02646f3-6401-40c7-8543-69333821da9a/resourceGroups/ContosoAll/providers/Microsoft.Web/serverFarms/ASP-ContosoAll-a6ee","Microsoft.Web/serverFarms","SocketOutboundTimeWait","Time Wait Socket Count for Outbound Requests"
"/subscriptions/c02646f3-6401-40c7-8543-69333821da9a/resourceGroups/ContosoAll/providers/Microsoft.Web/serverFarms/ASP-ContosoAll-a6ee","Microsoft.Web/serverFarms","SocketLoopback","Socket Count for Loopback Connections"
"/subscriptions/c02646f3-6401-40c7-8543-69333821da9a/resourceGroups/contosoall/providers/Microsoft.Web/sites/emreg-function","Microsoft.Web/sites","Requests","Requests"
"/subscriptions/c02646f3-6401-40c7-8543-69333821da9a/resourceGroups/contosoall/providers/Microsoft.Web/sites/emreg-function","Microsoft.Web/sites","BytesReceived","Data In"
"/subscriptions/c02646f3-6401-40c7-8543-69333821da9a/resourceGroups/contosoall/providers/Microsoft.Web/sites/emreg-function","Microsoft.Web/sites","BytesSent","Data Out"
"/subscriptions/c02646f3-6401-40c7-8543-69333821da9a/resourceGroups/contosoall/providers/Microsoft.Web/sites/emreg-function","Microsoft.Web/sites","Http101","Http 101"
"/subscriptions/c02646f3-6401-40c7-8543-69333821da9a/resourceGroups/contosoall/providers/Microsoft.Web/sites/emreg-function","Microsoft.Web/sites","Http2xx","Http 2xx"
"/subscriptions/c02646f3-6401-40c7-8543-69333821da9a/resourceGroups/contosoall/providers/Microsoft.Web/sites/emreg-function","Microsoft.Web/sites","Http3xx","Http 3xx"
"/subscriptions/c02646f3-6401-40c7-8543-69333821da9a/resourceGroups/contosoall/providers/Microsoft.Web/sites/emreg-function","Microsoft.Web/sites","Http401","Http 401"
"/subscriptions/c02646f3-6401-40c7-8543-69333821da9a/resourceGroups/contosoall/providers/Microsoft.Web/sites/emreg-function","Microsoft.Web/sites","Http403","Http 403"
"/subscriptions/c02646f3-6401-40c7-8543-69333821da9a/resourceGroups/contosoall/providers/Microsoft.Web/sites/emreg-function","Microsoft.Web/sites","Http404","Http 404"
"/subscriptions/c02646f3-6401-40c7-8543-69333821da9a/resourceGroups/contosoall/providers/Microsoft.Web/sites/emreg-function","Microsoft.Web/sites","Http406","Http 406"
"/subscriptions/c02646f3-6401-40c7-8543-69333821da9a/resourceGroups/contosoall/providers/Microsoft.Web/sites/emreg-function","Microsoft.Web/sites","Http4xx","Http 4xx"
"/subscriptions/c02646f3-6401-40c7-8543-69333821da9a/resourceGroups/contosoall/providers/Microsoft.Web/sites/emreg-function","Microsoft.Web/sites","Http5xx","Http Server Errors"
"/subscriptions/c02646f3-6401-40c7-8543-69333821da9a/resourceGroups/contosoall/providers/Microsoft.Web/sites/emreg-function","Microsoft.Web/sites","MemoryWorkingSet","Memory working set"
"/subscriptions/c02646f3-6401-40c7-8543-69333821da9a/resourceGroups/contosoall/providers/Microsoft.Web/sites/emreg-function","Microsoft.Web/sites","AverageMemoryWorkingSet","Average memory working set"
"/subscriptions/c02646f3-6401-40c7-8543-69333821da9a/resourceGroups/contosoall/providers/Microsoft.Web/sites/emreg-function","Microsoft.Web/sites","AverageResponseTime","Average Response Time (deprecated)"
"/subscriptions/c02646f3-6401-40c7-8543-69333821da9a/resourceGroups/contosoall/providers/Microsoft.Web/sites/emreg-function","Microsoft.Web/sites","HttpResponseTime","Response Time"
"/subscriptions/c02646f3-6401-40c7-8543-69333821da9a/resourceGroups/contosoall/providers/Microsoft.Web/sites/emreg-function","Microsoft.Web/sites","FunctionExecutionUnits","Function Execution Units"
"/subscriptions/c02646f3-6401-40c7-8543-69333821da9a/resourceGroups/contosoall/providers/Microsoft.Web/sites/emreg-function","Microsoft.Web/sites","FunctionExecutionCount","Function Execution Count"
"/subscriptions/c02646f3-6401-40c7-8543-69333821da9a/resourceGroups/contosoall/providers/Microsoft.Web/sites/emreg-function","Microsoft.Web/sites","AppConnections","Connections"
"/subscriptions/c02646f3-6401-40c7-8543-69333821da9a/resourceGroups/contosoall/providers/Microsoft.Web/sites/emreg-function","Microsoft.Web/sites","Handles","Handle Count"
"/subscriptions/c02646f3-6401-40c7-8543-69333821da9a/resourceGroups/contosoall/providers/Microsoft.Web/sites/emreg-function","Microsoft.Web/sites","Threads","Thread Count"
"/subscriptions/c02646f3-6401-40c7-8543-69333821da9a/resourceGroups/contosoall/providers/Microsoft.Web/sites/emreg-function","Microsoft.Web/sites","PrivateBytes","Private Bytes"
"/subscriptions/c02646f3-6401-40c7-8543-69333821da9a/resourceGroups/contosoall/providers/Microsoft.Web/sites/emreg-function","Microsoft.Web/sites","IoReadBytesPerSecond","IO Read Bytes Per Second"
"/subscriptions/c02646f3-6401-40c7-8543-69333821da9a/resourceGroups/contosoall/providers/Microsoft.Web/sites/emreg-function","Microsoft.Web/sites","IoWriteBytesPerSecond","IO Write Bytes Per Second"
"/subscriptions/c02646f3-6401-40c7-8543-69333821da9a/resourceGroups/contosoall/providers/Microsoft.Web/sites/emreg-function","Microsoft.Web/sites","IoOtherBytesPerSecond","IO Other Bytes Per Second"
"/subscriptions/c02646f3-6401-40c7-8543-69333821da9a/resourceGroups/contosoall/providers/Microsoft.Web/sites/emreg-function","Microsoft.Web/sites","IoReadOperationsPerSecond","IO Read Operations Per Second"
"/subscriptions/c02646f3-6401-40c7-8543-69333821da9a/resourceGroups/contosoall/providers/Microsoft.Web/sites/emreg-function","Microsoft.Web/sites","IoWriteOperationsPerSecond","IO Write Operations Per Second"
"/subscriptions/c02646f3-6401-40c7-8543-69333821da9a/resourceGroups/contosoall/providers/Microsoft.Web/sites/emreg-function","Microsoft.Web/sites","IoOtherOperationsPerSecond","IO Other Operations Per Second"
"/subscriptions/c02646f3-6401-40c7-8543-69333821da9a/resourceGroups/contosoall/providers/Microsoft.Web/sites/emreg-function","Microsoft.Web/sites","RequestsInApplicationQueue","Requests In Application Queue"
"/subscriptions/c02646f3-6401-40c7-8543-69333821da9a/resourceGroups/contosoall/providers/Microsoft.Web/sites/emreg-function","Microsoft.Web/sites","CurrentAssemblies","Current Assemblies"
"/subscriptions/c02646f3-6401-40c7-8543-69333821da9a/resourceGroups/contosoall/providers/Microsoft.Web/sites/emreg-function","Microsoft.Web/sites","TotalAppDomains","Total App Domains"
"/subscriptions/c02646f3-6401-40c7-8543-69333821da9a/resourceGroups/contosoall/providers/Microsoft.Web/sites/emreg-function","Microsoft.Web/sites","TotalAppDomainsUnloaded","Total App Domains Unloaded"
"/subscriptions/c02646f3-6401-40c7-8543-69333821da9a/resourceGroups/contosoall/providers/Microsoft.Web/sites/emreg-function","Microsoft.Web/sites","Gen0Collections","Gen 0 Garbage Collections"
"/subscriptions/c02646f3-6401-40c7-8543-69333821da9a/resourceGroups/contosoall/providers/Microsoft.Web/sites/emreg-function","Microsoft.Web/sites","Gen1Collections","Gen 1 Garbage Collections"
"/subscriptions/c02646f3-6401-40c7-8543-69333821da9a/resourceGroups/contosoall/providers/Microsoft.Web/sites/emreg-function","Microsoft.Web/sites","Gen2Collections","Gen 2 Garbage Collections"
"/subscriptions/c02646f3-6401-40c7-8543-69333821da9a/resourceGroups/contosoall/providers/Microsoft.Web/sites/emreg-function","Microsoft.Web/sites","HealthCheckStatus","Health check status"
"/subscriptions/c02646f3-6401-40c7-8543-69333821da9a/resourceGroups/contosoall/providers/Microsoft.Web/sites/emreg-function","Microsoft.Web/sites","FileSystemUsage","File System Usage"
"/subscriptions/c02646f3-6401-40c7-8543-69333821da9a/resourceGroups/ContosoAll/providers/Microsoft.Network/bastionHosts/Vnet01-bastion","Microsoft.Network/bastionHosts","pingmesh","Bastion Communication Status"
"/subscriptions/c02646f3-6401-40c7-8543-69333821da9a/resourceGroups/ContosoAll/providers/Microsoft.Network/bastionHosts/Vnet01-bastion","Microsoft.Network/bastionHosts","usage_user","Used CPU"
"/subscriptions/c02646f3-6401-40c7-8543-69333821da9a/resourceGroups/ContosoAll/providers/Microsoft.Network/bastionHosts/Vnet01-bastion","Microsoft.Network/bastionHosts","used","Used Memory"
"/subscriptions/c02646f3-6401-40c7-8543-69333821da9a/resourceGroups/ContosoAll/providers/Microsoft.Network/bastionHosts/Vnet01-bastion","Microsoft.Network/bastionHosts","total","Total Memory"
"/subscriptions/c02646f3-6401-40c7-8543-69333821da9a/resourceGroups/ContosoAll/providers/Microsoft.Network/bastionHosts/Vnet01-bastion","Microsoft.Network/bastionHosts","sessions","Session Count"
"/subscriptions/c02646f3-6401-40c7-8543-69333821da9a/resourceGroups/contosoall/providers/Microsoft.Network/virtualNetworks/Vnet01","Microsoft.Network/virtualNetworks","PingMeshAverageRoundtripMs","Round trip time for Pings to a VM"
"/subscriptions/c02646f3-6401-40c7-8543-69333821da9a/resourceGroups/contosoall/providers/Microsoft.Network/virtualNetworks/Vnet01","Microsoft.Network/virtualNetworks","PingMeshProbesFailedPercent","Failed Pings to a VM"
"/subscriptions/c02646f3-6401-40c7-8543-69333821da9a/resourceGroups/contosoall/providers/Microsoft.Network/virtualNetworks/Vnet01","Microsoft.Network/virtualNetworks","PacketsInDDoS","Inbound packets DDoS"
"/subscriptions/c02646f3-6401-40c7-8543-69333821da9a/resourceGroups/contosoall/providers/Microsoft.Network/virtualNetworks/Vnet01","Microsoft.Network/virtualNetworks","PacketsDroppedDDoS","Inbound packets dropped DDoS"
"/subscriptions/c02646f3-6401-40c7-8543-69333821da9a/resourceGroups/contosoall/providers/Microsoft.Network/virtualNetworks/Vnet01","Microsoft.Network/virtualNetworks","PacketsForwardedDDoS","Inbound packets forwarded DDoS"
"/subscriptions/c02646f3-6401-40c7-8543-69333821da9a/resourceGroups/contosoall/providers/Microsoft.Network/virtualNetworks/Vnet01","Microsoft.Network/virtualNetworks","TCPPacketsInDDoS","Inbound TCP packets DDoS"
"/subscriptions/c02646f3-6401-40c7-8543-69333821da9a/resourceGroups/contosoall/providers/Microsoft.Network/virtualNetworks/Vnet01","Microsoft.Network/virtualNetworks","TCPPacketsDroppedDDoS","Inbound TCP packets dropped DDoS"
"/subscriptions/c02646f3-6401-40c7-8543-69333821da9a/resourceGroups/contosoall/providers/Microsoft.Network/virtualNetworks/Vnet01","Microsoft.Network/virtualNetworks","TCPPacketsForwardedDDoS","Inbound TCP packets forwarded DDoS"
"/subscriptions/c02646f3-6401-40c7-8543-69333821da9a/resourceGroups/contosoall/providers/Microsoft.Network/virtualNetworks/Vnet01","Microsoft.Network/virtualNetworks","UDPPacketsInDDoS","Inbound UDP packets DDoS"
"/subscriptions/c02646f3-6401-40c7-8543-69333821da9a/resourceGroups/contosoall/providers/Microsoft.Network/virtualNetworks/Vnet01","Microsoft.Network/virtualNetworks","UDPPacketsDroppedDDoS","Inbound UDP packets dropped DDoS"
"/subscriptions/c02646f3-6401-40c7-8543-69333821da9a/resourceGroups/contosoall/providers/Microsoft.Network/virtualNetworks/Vnet01","Microsoft.Network/virtualNetworks","UDPPacketsForwardedDDoS","Inbound UDP packets forwarded DDoS"
"/subscriptions/c02646f3-6401-40c7-8543-69333821da9a/resourceGroups/contosoall/providers/Microsoft.Network/virtualNetworks/Vnet01","Microsoft.Network/virtualNetworks","BytesInDDoS","Inbound bytes DDoS"
"/subscriptions/c02646f3-6401-40c7-8543-69333821da9a/resourceGroups/contosoall/providers/Microsoft.Network/virtualNetworks/Vnet01","Microsoft.Network/virtualNetworks","BytesDroppedDDoS","Inbound bytes dropped DDoS"
"/subscriptions/c02646f3-6401-40c7-8543-69333821da9a/resourceGroups/contosoall/providers/Microsoft.Network/virtualNetworks/Vnet01","Microsoft.Network/virtualNetworks","BytesForwardedDDoS","Inbound bytes forwarded DDoS"
"/subscriptions/c02646f3-6401-40c7-8543-69333821da9a/resourceGroups/contosoall/providers/Microsoft.Network/virtualNetworks/Vnet01","Microsoft.Network/virtualNetworks","TCPBytesInDDoS","Inbound TCP bytes DDoS"
"/subscriptions/c02646f3-6401-40c7-8543-69333821da9a/resourceGroups/contosoall/providers/Microsoft.Network/virtualNetworks/Vnet01","Microsoft.Network/virtualNetworks","TCPBytesDroppedDDoS","Inbound TCP bytes dropped DDoS"
"/subscriptions/c02646f3-6401-40c7-8543-69333821da9a/resourceGroups/contosoall/providers/Microsoft.Network/virtualNetworks/Vnet01","Microsoft.Network/virtualNetworks","TCPBytesForwardedDDoS","Inbound TCP bytes forwarded DDoS"
"/subscriptions/c02646f3-6401-40c7-8543-69333821da9a/resourceGroups/contosoall/providers/Microsoft.Network/virtualNetworks/Vnet01","Microsoft.Network/virtualNetworks","UDPBytesInDDoS","Inbound UDP bytes DDoS"
"/subscriptions/c02646f3-6401-40c7-8543-69333821da9a/resourceGroups/contosoall/providers/Microsoft.Network/virtualNetworks/Vnet01","Microsoft.Network/virtualNetworks","UDPBytesDroppedDDoS","Inbound UDP bytes dropped DDoS"
"/subscriptions/c02646f3-6401-40c7-8543-69333821da9a/resourceGroups/contosoall/providers/Microsoft.Network/virtualNetworks/Vnet01","Microsoft.Network/virtualNetworks","UDPBytesForwardedDDoS","Inbound UDP bytes forwarded DDoS"
"/subscriptions/c02646f3-6401-40c7-8543-69333821da9a/resourceGroups/contosoall/providers/Microsoft.Network/virtualNetworks/Vnet01","Microsoft.Network/virtualNetworks","IfUnderDDoSAttack","Under DDoS attack or not"
"/subscriptions/c02646f3-6401-40c7-8543-69333821da9a/resourceGroups/contosoall/providers/Microsoft.Network/virtualNetworks/Vnet01","Microsoft.Network/virtualNetworks","DDoSTriggerTCPPackets","Inbound TCP packets to trigger DDoS mitigation"
"/subscriptions/c02646f3-6401-40c7-8543-69333821da9a/resourceGroups/contosoall/providers/Microsoft.Network/virtualNetworks/Vnet01","Microsoft.Network/virtualNetworks","DDoSTriggerUDPPackets","Inbound UDP packets to trigger DDoS mitigation"
"/subscriptions/c02646f3-6401-40c7-8543-69333821da9a/resourceGroups/contosoall/providers/Microsoft.Network/virtualNetworks/Vnet01","Microsoft.Network/virtualNetworks","DDoSTriggerSYNPackets","Inbound SYN packets to trigger DDoS mitigation"
